epoch;loss;mae;mse;root_mean_squared_error;val_loss;val_mae;val_mse;val_root_mean_squared_error
0;0.003924276679754257;0.04512050002813339;0.007848553359508514;0.06297292560338974;0.0007481869542971253;0.027806956321001053;0.0014963739085942507;0.03864843770861626
